{
  "autoresearch/train.py": 1776692365.250147,
  "autoresearch/prepare.py": 1776692365.2493486,
  "tests/test_phase02_validation.py": 1776692365.4727998,
  "tests/test_fixing_set_analysis.py": 1776692365.4726415,
  "tests/test_phase1_validation.py": 1776692365.4728951,
  "tests/__init__.py": 1776692365.472161,
  "tests/test_head_surgery.py": 1776692365.4727168,
  "docs/styles/pencil.js": 1776692365.25615,
  "docs/styles/qr.js": 1776692365.2562969,
  "scripts/metrics/compute_perturbation_metrics.py": 1776692365.4670231,
  "scripts/metrics/error_decomposition.py": 1776692365.4672222,
  "scripts/metrics/compute_fairness_metrics_fs.py": 1776692365.466925,
  "scripts/metrics/error_decomposition_fs.py": 1776692365.4674242,
  "scripts/metrics/compute_fairness_metrics.py": 1776692365.4663928,
  "scripts/analysis/whisper_hallucination_analysis.py": 1776692365.4620328,
  "scripts/analysis/prepare_overleaf.py": 1776692365.4618623,
  "scripts/analysis/parse_bootstrap_cis.py": 1776692365.4618032,
  "scripts/training/tune_vram.py": 1776692365.4708672,
  "scripts/training/evaluate_adapter.py": 1776692365.4688015,
  "scripts/training/phase1_sanity.py": 1776692365.4695385,
  "scripts/training/lora_prototype.py": 1776692365.4693503,
  "scripts/training/data_loader.py": 1776692365.4684417,
  "scripts/training/phase21_packed_sweep.py": 1776692365.4696424,
  "scripts/training/__init__.py": 1776692365.4682438,
  "scripts/training/packed_trainer.py": 1776692365.4694483,
  "scripts/training/validate_lora_prototype.py": 1776692365.4714673,
  "scripts/training/validate_dryrun_gates.py": 1776692365.470988,
  "scripts/training/train_grpo.py": 1776692365.4705942,
  "scripts/training/plora_utils.py": 1776692365.4703271,
  "scripts/training/grpo_sweep.py": 1776692365.4692476,
  "scripts/training/data_collator.py": 1776692365.4683409,
  "scripts/training/phase2_hp_sweep.py": 1776692365.4698372,
  "scripts/training/train_standard_lora.py": 1776692365.470739,
  "scripts/training/reward.py": 1776692365.4704165,
  "scripts/training/grpo_evaluate.py": 1776692365.469097,
  "scripts/training/generate_manifests.py": 1776692365.469019,
  "scripts/head_surgery/tune_batch_size.py": 1776692365.4660914,
  "scripts/head_surgery/_generate_silence_perturbations.py": 1776692365.464579,
  "scripts/head_surgery/aggregate_report.py": 1776692365.464878,
  "scripts/head_surgery/decoding_ablation_grid.py": 1776692365.465123,
  "scripts/head_surgery/__init__.py": 1776692365.4642527,
  "scripts/head_surgery/fixing_set_analysis.py": 1776692365.4655247,
  "scripts/head_surgery/score_heads.py": 1776692365.4660165,
  "scripts/head_surgery/head_mask_hook.py": 1776692365.4656239,
  "scripts/head_surgery/repro_config.py": 1776692365.4658372,
  "scripts/head_surgery/insertion_classifier.py": 1776692365.4657428,
  "scripts/head_surgery/_8b2_keystone_non_indian_insertion.py": 1776692365.4642289,
  "scripts/head_surgery/_7_4_top10_drivers_full_metrics.py": 1776692365.4641523,
  "scripts/head_surgery/run_diagnosis_sweep.py": 1776692365.4659262,
  "scripts/head_surgery/energy_vad.py": 1776692365.465194,
  "scripts/inference/run_inference.py": 1776692365.4662652,
  "scripts/data/prepare_splits.py": 1776692365.4639986,
  "scripts/data/extract_test_clips.py": 1776692365.4621377,
  "scripts/data/prepare_dataset.py": 1776692365.4627192,
  "scripts/data/prepare_librispeech.py": 1776692365.4632628,
  "scripts/data/prepare_fairspeech.py": 1776692365.462932,
  "scripts/data/prepare_h1_datasets.py": 1776692365.4630911,
  "scripts/data/generate_perturbations.py": 1776692365.4623103,
  "scripts/validation/validate_perturbed_test.py": 1776692365.4718204,
  "scripts/validation/validate_perturbed_silence_test.py": 1776692365.471753,
  "scripts/validation/validate_splits.py": 1776692365.4718955,
  "scripts/validation/validate_perturbed_reverb_masking_test.py": 1776692365.4716856,
  "scripts/validation/validate_cv_perturbed_test.py": 1776692365.4716134,
  "scripts/validation/validate_test_run.py": 1776692365.4719741,
  "scripts/plots/generate_perturbation_plots.py": 1776692365.4676476,
  "scripts/plots/head_surgery_heatmap.py": 1776692365.4677296,
  "scripts/plots/generate_all_plots.py": 1776692365.4675498,
  "scripts/plots/regenerate_figures_large_fonts.py": 1776692365.4678378,
  "CLAUDE.md": 1776704841.0411768,
  "autoresearch/program.md": 1776692365.2494192,
  "autoresearch/README.md": 1776692365.2491355,
  "tasks/prd-head-surgery-diagnosis.md": 1776692365.472089,
  "experiments/plora-stage1-packed-sweep.md": 1776692365.2574747,
  "experiments/phase21-stage3-plora-asha-rslora-sweep.md": 1776692365.2574089,
  "experiments/phase21-stage2-plora-asha-sweep.md": 1776692365.2573466,
  "experiments/lora-prototype-ultraplan.md": 1776692365.2572842,
  "fileClasses/Reference.md": 1776692365.2580578,
  "fileClasses/Experiment.md": 1776692365.2578173,
  "fileClasses/Knowledge.md": 1776692365.2579546,
  "fileClasses/Issue.md": 1776692365.257886,
  "fileClasses/Log.md": 1776692365.2580051,
  "fileClasses/Task.md": 1776692365.2581067,
  "docs/lightning-cli-demo.html": 1776692365.2544558,
  "docs/project-overview.html": 1776692365.2551336,
  "docs/maximize-vram-playbook.html": 1776692365.2546353,
  "docs/pre-decoding-methods.html": 1776692365.2550051,
  "docs/head-surgery-progress.html": 1776692365.2531638,
  "docs/asha-rslora-explainer.html": 1776692365.2525606,
  "docs/vram-management-plora.html": 1776692365.2570436,
  "docs/v2.0-workflow-explainer.html": 1776692365.2569544,
  "docs/caveman-eval-report.html": 1776692365.2529902,
  "docs/gpu-occupancy-handling.html": 1776692365.2530696,
  "docs/sft-rl-alternating-training.html": 1776692365.255691,
  "docs/phase4.1-rl-comparison-research.html": 1776692365.2547371,
  "docs/table-styles-showcase.html": 1776692365.256841,
  "docs/head_surgery_report.md": 1776692365.25425,
  "docs/webdataset-explained.html": 1776692365.2571356,
  "docs/phase6-sample-collecting.html": 1776692365.2548256,
  "docs/plora-explainer.html": 1776692365.254916,
  "docs/head_surgery_report_edited.md": 1776692365.2543678,
  "docs/asr-evaluation-metrics.html": 1776692365.252769,
  "docs/head-surgery-results.html": 1776692365.253332,
  "docs/superpowers/plans/2026-04-18-head-surgery-fixing-set-analysis.md": 1776692365.2567465,
  "docs/superpowers/plans/2026-04-17-head-surgery-diagnosis.md": 1776692365.2566264,
  "logs/head-surgery-stage-d-scoring.md": 1776692365.2598507,
  "logs/phase3-full-sft-lora-infrastructure.md": 1776692365.2602646,
  "logs/phase2-validation-gap-bridging.md": 1776692365.260199,
  "logs/lora-prototype-validation-script.md": 1776692365.2600334,
  "logs/data-loader-sampler-factory.md": 1776692365.2594817,
  "logs/phase4-grpo-infrastructure.md": 1776692365.26063,
  "logs/validate-splits-creation.md": 1776692365.2608087,
  "logs/phase1-pipeline-sanity-pass.md": 1776692365.2600918,
  "logs/prepare-splits-creation.md": 1776692365.260694,
  "logs/demographic-stratified-sampler-creation.md": 1776692365.2595398,
  "logs/head-surgery-diagnosis-complete.md": 1776692365.2596233,
  "logs/head-surgery-fixing-set-analysis.md": 1776692365.2597322,
  "logs/lora-prototype-training-script.md": 1776692365.2599697,
  "logs/phase3-full-sft-lora-launch.md": 1776692365.2603514,
  "logs/asr-fairness-dataset-creation.md": 1776692365.2593603,
  "logs/phase3-vram-tune-grid.md": 1776692365.2604868,
  "logs/phase3-vram-preflight-cellC-nw2.md": 1776692365.260425,
  "logs/scripts-reorganization.md": 1776692365.2607524,
  "logs/data-loader-dataset-collate.md": 1776692365.2594247,
  "logs/phase3-vram-tune-infrastructure.md": 1776692365.2605674,
  "logs/head-surgery-stage-f-energy-vad.md": 1776692365.2599154,
  "logs/head-surgery-progress-design-system-upgrade.md": 1776692365.2597942,
  "logs/phase2-standard-lora-baseline.md": 1776692365.2601452,
  "knowledge/sft-rl-alternating-training.md": 1776692365.2585247,
  "knowledge/head-surgery-report-structure.md": 1776692365.2582138,
  "knowledge/maximizing-vram-usage-ml.md": 1776692365.2583625,