{
  "baseline": {
    "insertion_rate": 0.008545034642032332,
    "wer": 0.06651270207852195
  },
  "L0_h5": {
    "layer": 0,
    "head": 5,
    "insertion_rate": 0.5226327944572748,
    "insertion_rep": 0.2972286374133949,
    "insertion_syn": 0.20623556581986144,
    "insertion_con": 0.019168591224018476,
    "wer": 0.6709006928406467
  },
  "L0_h13": {
    "layer": 0,
    "head": 13,
    "insertion_rate": 0.009699769053117783,
    "insertion_rep": 0.0009237875288683603,
    "insertion_syn": 0.003695150115473441,
    "insertion_con": 0.005080831408775982,
    "wer": 0.06859122401847575
  },
  "L0_h18": {
    "layer": 0,
    "head": 18,
    "insertion_rate": 0.008775981524249422,
    "insertion_rep": 0.0009237875288683603,
    "insertion_syn": 0.003002309468822171,
    "insertion_con": 0.004849884526558892,
    "wer": 0.06697459584295612
  },
  "L0_h1": {
    "layer": 0,
    "head": 1,
    "insertion_rate": 0.009006928406466512,
    "insertion_rep": 0.0006928406466512702,
    "insertion_syn": 0.003695150115473441,
    "insertion_con": 0.004618937644341801,
    "wer": 0.06581986143187067
  },
  "L29_h18": {
    "layer": 29,
    "head": 18,
    "insertion_rate": 0.008775981524249422,
    "insertion_rep": 0.0009237875288683603,
    "insertion_syn": 0.003002309468822171,
    "insertion_con": 0.004849884526558892,
    "wer": 0.06697459584295612
  },
  "L27_h15": {
    "layer": 27,
    "head": 15,
    "insertion_rate": 0.008545034642032332,
    "insertion_rep": 0.0009237875288683603,
    "insertion_syn": 0.003002309468822171,
    "insertion_con": 0.004618937644341801,
    "wer": 0.06674364896073903
  },
  "L11_h9": {
    "layer": 11,
    "head": 9,
    "insertion_rate": 0.008545034642032332,
    "insertion_rep": 0.0006928406466512702,
    "insertion_syn": 0.003002309468822171,
    "insertion_con": 0.004849884526558892,
    "wer": 0.06651270207852195
  },
  "L13_h19": {
    "layer": 13,
    "head": 19,
    "insertion_rate": 0.008775981524249422,
    "insertion_rep": 0.0009237875288683603,
    "insertion_syn": 0.003002309468822171,
    "insertion_con": 0.004849884526558892,
    "wer": 0.06674364896073903
  }
}