{
  "pilot_layer": 15,
  "n_utts": 50,
  "baseline_insertion_rate": 0.009689922480620155,
  "per_head": {
    "0": {
      "total": 0.009689922480620155,
      "repetition": 0.0,
      "syntactic": 0.003875968992248062,
      "content": 0.005813953488372093
    },
    "1": {
      "total": 0.009689922480620155,
      "repetition": 0.0,
      "syntactic": 0.003875968992248062,
      "content": 0.005813953488372093
    },
    "2": {
      "total": 0.009689922480620155,
      "repetition": 0.0,
      "syntactic": 0.003875968992248062,
      "content": 0.005813953488372093
    },
    "3": {
      "total": 0.009689922480620155,
      "repetition": 0.0,
      "syntactic": 0.003875968992248062,
      "content": 0.005813953488372093
    },
    "4": {
      "total": 0.009689922480620155,
      "repetition": 0.0,
      "syntactic": 0.003875968992248062,
      "content": 0.005813953488372093
    },
    "5": {
      "total": 0.009689922480620155,
      "repetition": 0.0,
      "syntactic": 0.003875968992248062,
      "content": 0.005813953488372093
    },
    "6": {
      "total": 0.009689922480620155,
      "repetition": 0.0,
      "syntactic": 0.003875968992248062,
      "content": 0.005813953488372093
    },
    "7": {
      "total": 0.009689922480620155,
      "repetition": 0.0,
      "syntactic": 0.003875968992248062,
      "content": 0.005813953488372093
    },
    "8": {
      "total": 0.009689922480620155,
      "repetition": 0.0,
      "syntactic": 0.003875968992248062,
      "content": 0.005813953488372093
    },
    "9": {
      "total": 0.009689922480620155,
      "repetition": 0.0,
      "syntactic": 0.003875968992248062,
      "content": 0.005813953488372093
    },
    "10": {
      "total": 0.009689922480620155,
      "repetition": 0.0,
      "syntactic": 0.003875968992248062,
      "content": 0.005813953488372093
    },
    "11": {
      "total": 0.009689922480620155,
      "repetition": 0.0,
      "syntactic": 0.003875968992248062,
      "content": 0.005813953488372093
    },
    "12": {
      "total": 0.009689922480620155,
      "repetition": 0.0,
      "syntactic": 0.003875968992248062,
      "content": 0.005813953488372093
    },
    "13": {
      "total": 0.009689922480620155,
      "repetition": 0.0,
      "syntactic": 0.003875968992248062,
      "content": 0.005813953488372093
    },
    "14": {
      "total": 0.009689922480620155,
      "repetition": 0.0,
      "syntactic": 0.003875968992248062,
      "content": 0.005813953488372093
    },
    "15": {
      "total": 0.009689922480620155,
      "repetition": 0.0,
      "syntactic": 0.003875968992248062,
      "content": 0.005813953488372093
    },
    "16": {
      "total": 0.009689922480620155,
      "repetition": 0.0,
      "syntactic": 0.003875968992248062,
      "content": 0.005813953488372093
    },
    "17": {
      "total": 0.009689922480620155,
      "repetition": 0.0,
      "syntactic": 0.003875968992248062,
      "content": 0.005813953488372093
    },
    "18": {
      "total": 0.009689922480620155,
      "repetition": 0.0,
      "syntactic": 0.003875968992248062,
      "content": 0.005813953488372093
    },
    "19": {
      "total": 0.009689922480620155,
      "repetition": 0.0,
      "syntactic": 0.003875968992248062,
      "content": 0.005813953488372093
    }
  }
}